,Starting_Days,Methods,Beta,Gamma,Mae,Succes
0,60,leastsq,0.3214983981951691,0.04797863342337427,496.40281113366507,True
