,Starting_Days,Methods,Beta,Gamma,Mae,Succes
0,100,leastsq,0.4946691215728455,0.09695992701122036,816458.2820877586,True
